sampling_point,year_count
NE-40000559,13
NE-40000633,1
NE-40000659,2
NE-40000665,1
NE-400A0044,11
NE-400A0047,7
NE-400A0048,13
NE-400A0049,6
NE-400A0050,6
NE-400A0077,2
NE-400A0081,2
NE-400A0137,12
NE-400A0146,3
NE-400A0147,3
NE-400A0148,3
NE-400A0149,1
NE-400A0150,2
NE-400B0158,12
NE-400B0164,15
NE-400B0165,12
NE-400B0171,15
NE-400C0114,9
NE-400F0085,1
NE-400F0095,1
NE-400F0096,1
NE-400F0097,1
NE-400F0098,1
NE-400F0099,1
NE-400F0100,1
NE-400F0101,1
NE-400F0102,1
NE-400F0103,1
NE-400F0104,1
NE-400F0107,13
NE-400H0042,14
NE-400H0047,6
NE-400H0049,14
NE-400H0051,6
NE-400H0052,6
NE-400H0053,12
NE-400H0055,6
NE-400H0056,13
NE-400H0066,14
NE-400H0068,14
NE-400I0007,15
NE-400I0016,13
NE-400I0017,14
NE-400J0002,15
NE-400J0008,16
NE-400M0001,15
NE-400P0003,1
NE-400P0004,1
NE-400P0005,1
NE-400S0001,13
NE-41000002,5
NE-41000003,9
NE-41000017,3
NE-41000019,3
NE-41000023,2
NE-41000028,8
NE-41000032,16
NE-41000033,8
NE-41000035,16
NE-41000037,13
NE-41000038,16
NE-41000039,16
NE-41000040,5
NE-41000051,16
NE-41000052,16
NE-41000053,11
NE-41000059,10
NE-41000064,8
NE-41000068,4
NE-41000075,14
NE-41000079,16
NE-41000080,16
NE-41000083,15
NE-41000084,1
NE-41000088,14
NE-41000089,16
NE-41000093,16
NE-41000094,2
NE-41000098,16
NE-41000099,1
NE-41000103,1
NE-41000106,8
NE-41000107,2
NE-41000110,10
NE-41000111,2
NE-41000115,16
NE-41000118,2
NE-41000121,16
NE-41000124,6
NE-41000125,16
NE-41000128,1
NE-41000134,16
NE-41000137,1
NE-41000140,16
NE-41000143,1
NE-41000148,1
NE-41000150,3
NE-41000177,2
NE-41000185,3
NE-41000189,8
NE-41000204,1
NE-41000206,2
NE-41000213,10
NE-41000219,16
NE-41000220,1
NE-41000221,1
NE-41000222,2
NE-41000223,3
NE-41000224,3
NE-41000225,1
NE-41000227,2
NE-41000228,4
NE-41000229,2
NE-41000230,3
NE-41000231,1
NE-41000232,8
NE-41000234,1
NE-41000235,1
NE-41000254,7
NE-41000256,7
NE-41000257,1
NE-41000258,3
NE-41000259,4
NE-41000260,4
NE-41000261,3
NE-41000262,4
NE-41000263,4
NE-41000264,3
NE-41000266,2
NE-41000267,1
NE-41000268,7
NE-41000269,2
NE-41000270,2
NE-41000271,2
NE-41000273,2
NE-41000276,2
NE-41000291,16
NE-41000294,3
NE-41000296,1
NE-41000298,2
NE-41000301,4
NE-41000303,3
NE-41000305,11
NE-41000306,1
NE-41000308,7
NE-41000312,1
NE-41000313,1
NE-41000314,2
NE-41000338,2
NE-41000339,16
NE-41000344,1
NE-41000345,1
NE-41000346,3
NE-41000347,3
NE-41000348,8
NE-41000349,3
NE-41000350,15
NE-41000353,2
NE-41000354,6
NE-41000355,1
NE-41000357,4
NE-41000358,12
NE-41000359,2
NE-41000360,3
NE-41000361,5
NE-41000362,3
NE-41000365,2
NE-41000366,5
NE-41000367,3
NE-41000368,5
NE-41000369,16
NE-41000370,3
NE-41000371,8
NE-41000372,16
NE-41000374,16
NE-41000375,10
NE-41000376,16
NE-41000377,16
NE-41000379,2
NE-41000380,16
NE-41000381,16
NE-41000382,16
NE-41000383,5
NE-41000384,16
NE-41000385,2
NE-41000386,2
NE-41000387,2
NE-41000388,8
NE-41000389,4
NE-41000390,3
NE-41000391,13
NE-41000392,6
NE-41000393,6
NE-41000394,3
NE-41000395,7
NE-41000396,3
NE-41000397,4
NE-41000398,1
NE-41000399,1
NE-41000400,4
NE-41000401,9
NE-41000402,4
NE-41000403,4
NE-41000404,1
NE-41000405,2
NE-41000406,1
NE-41000407,1
NE-41000408,1
NE-41000409,2
NE-41000411,1
NE-41000412,9
NE-41000413,8
NE-41000416,4
NE-41000417,3
NE-41000418,3
NE-41000419,3
NE-41000420,3
NE-41000421,4
NE-41000422,1
NE-41000423,2
NE-41000424,3
NE-41000425,2
NE-41000426,3
NE-41000427,3
NE-41000428,2
NE-41000429,2
NE-41000430,2
NE-41000431,2
NE-41000434,1
NE-41000435,2
NE-41000436,2
NE-41000437,2
NE-41000438,2
NE-41000439,2
NE-41000440,3
NE-41000441,3
NE-41000442,3
NE-41000443,1
NE-41000444,4
NE-41000445,2
NE-41000446,2
NE-41000447,2
NE-41000448,4
NE-41000449,2
NE-41000450,2
NE-410A0001,2
NE-410F0238,14
NE-410F0239,14
NE-410F0242,13
NE-410F0243,14
NE-410F0248,13
NE-410F0250,14
NE-410F0251,13
NE-410F0252,13
NE-410F0254,2
NE-410F0255,14
NE-410F0256,12
NE-410F0258,14
NE-410F0259,12
NE-410F0260,13
NE-410F0261,11
NE-410F0263,2
NE-410F0264,5
NE-410P0001,8
NE-410P0002,1
NE-410P0003,1
NE-42100003,8
NE-42100004,10
NE-42100009,4
NE-42100010,16
NE-42100012,2
NE-42100013,7
NE-42100016,1
NE-42100017,12
NE-42100020,2
NE-42100025,1
NE-42100028,16
NE-42100038,8
NE-42100039,1
NE-42100042,4
NE-42100044,6
NE-42100048,2
NE-42100050,1
NE-42100051,2
NE-42100054,4
NE-42100055,2
NE-42100058,16
NE-42100066,16
NE-42100076,1
NE-42100092,16
NE-42100093,16
NE-42100094,16
NE-42100095,16
NE-42100100,9
NE-42100101,12
NE-42100105,9
NE-42100107,2
NE-42100108,2
NE-42100109,6
NE-42100110,14
NE-42100113,6
NE-42100115,3
NE-42100116,3
NE-42100118,3
NE-42100119,2
NE-42100123,4
NE-42100124,3
NE-42100125,2
NE-42100126,4
NE-42100127,1
NE-42100130,3
NE-42100131,4
NE-42100133,1
NE-42100137,1
NE-42100143,1
NE-42100148,8
NE-42100149,4
NE-42100150,2
NE-42100153,2
NE-42100155,16
NE-42100156,3
NE-42100157,16
NE-42100158,3
NE-42100160,3
NE-42100161,4
NE-42100164,4
NE-42100165,2
NE-42100166,1
NE-42100167,16
NE-42100168,16
NE-42100169,1
NE-42100170,16
NE-42100171,16
NE-42100172,16
NE-42100173,16
NE-42100174,16
NE-42100175,2
NE-42100176,2
NE-42100177,2
NE-42100178,2
NE-42100179,16
NE-42100180,2
NE-42100181,4
NE-42100182,2
NE-42100183,3
NE-42100184,1
NE-42100186,4
NE-42100187,2
NE-42100188,2
NE-42100189,2
NE-42100190,2
NE-42100191,2
NE-42100192,4
NE-42100193,5
NE-42100195,1
NE-42100196,7
NE-42100197,1
NE-42100198,1
NE-42100199,7
NE-42100201,2
NE-42100202,5
NE-42100203,4
NE-42100204,6
NE-42100205,4
NE-42100206,5
NE-42100208,2
NE-42100209,2
NE-42100210,5
NE-42100211,5
NE-42100212,2
NE-42100213,2
NE-42100214,2
NE-42100215,2
NE-42100216,2
NE-42100217,2
NE-42100218,2
NE-42100219,1
NE-42100220,4
NE-42100221,2
NE-42100222,2
NE-42100223,2
NE-42100224,3
NE-42100225,1
NE-42100226,1
NE-42100227,4
NE-42100238,4
NE-42100239,3
NE-42100240,3
NE-42100241,3
NE-42100242,1
NE-42100243,1
NE-42100244,4
NE-42100245,5
NE-42100246,5
NE-42100247,3
NE-42100248,1
NE-42100249,1
NE-42100250,1
NE-42100251,3
NE-42100252,2
NE-42100253,2
NE-42100254,1
NE-42100256,1
NE-42100257,3
NE-42100258,2
NE-42100259,2
NE-42100260,2
NE-42100261,2
NE-42100262,2
NE-42100263,2
NE-42100264,2
NE-42100265,2
NE-42100266,2
NE-42100267,2
NE-42100268,2
NE-42100269,3
NE-42100270,2
NE-42100271,2
NE-42100272,2
NE-42100273,3
NE-42100274,4
NE-42100275,1
NE-42100276,1
NE-42100277,1
NE-42100278,1
NE-42100279,1
NE-42100280,1
NE-42100300,3
NE-42100406,2
NE-42100407,3
NE-42104997,1
NE-42104998,1
NE-42104999,1
NE-42105011,1
NE-421A0001,3
NE-421A0002,2
NE-421A0003,3
NE-42200001,16
NE-42200005,16
NE-42200009,1
NE-42200012,1
NE-42200013,1
NE-42200014,8
NE-42200016,16
NE-42200026,10
NE-42200027,12
NE-42200028,12
NE-42200029,11
NE-42200030,6
NE-42200033,16
NE-42200034,12
NE-42200035,7
NE-42200040,16
NE-42200043,3
NE-42200044,3
NE-42200047,10
NE-42200048,2
NE-42200049,16
NE-42200051,2
NE-42200052,1
NE-42200053,12
NE-42200055,2
NE-42200056,2
NE-42200057,3
NE-42200061,2
NE-42200071,2
NE-422F0047,12
NE-42300001,1
NE-42300004,1
NE-42300007,2
NE-42300015,1
NE-42300016,8
NE-42300018,4
NE-42300023,14
NE-42300025,9
NE-42300027,5
NE-42300028,2
NE-42300038,10
NE-42300039,7
NE-42300040,12
NE-42300043,16
NE-42300050,16
NE-42300051,10
NE-42300057,10
NE-42300058,2
NE-42300061,1
NE-42300064,6
NE-42300065,14
NE-42300066,6
NE-42300067,11
NE-42300071,4
NE-42300072,8
NE-42300073,13
NE-42300074,11
NE-42300075,15
NE-42300080,16
NE-42300083,16
NE-42300085,11
NE-42300086,12
NE-42300087,4
NE-42300088,15
NE-42300090,3
NE-42300091,11
NE-42300094,16
NE-42300101,16
NE-42300103,1
NE-42300105,1
NE-42300109,16
NE-42300113,1
NE-42300125,16
NE-42300126,1
NE-42300134,1
NE-42300135,2
NE-42300138,1
NE-42300144,16
NE-42300147,4
NE-42300148,5
NE-42300149,3
NE-42300150,3
NE-42300151,1
NE-42300152,3
NE-42300153,1
NE-42300154,1
NE-42300172,4
NE-42300175,6
NE-42300176,16
NE-42300177,8
NE-42300178,2
NE-42300179,6
NE-42300180,12
NE-42300181,10
NE-42300183,2
NE-42300186,16
NE-42300187,4
NE-42300189,3
NE-42300190,16
NE-42300191,12
NE-42300192,3
NE-42300193,1
NE-42300194,1
NE-42300195,8
NE-42300196,4
NE-42300197,8
NE-42300198,1
NE-42300199,1
NE-42300201,3
NE-42300202,3
NE-42300203,3
NE-42300204,3
NE-42300205,3
NE-42300206,1
NE-42300207,3
NE-42300208,5
NE-42300209,7
NE-42300210,5
NE-42300211,3
NE-42300212,2
NE-42300213,1
NE-42300214,2
NE-42300215,2
NE-42300216,1
NE-42300223,2
NE-42300224,4
NE-42300225,3
NE-42300227,1
NE-42300228,1
NE-42300229,2
NE-42300230,7
NE-42300231,2
NE-42300232,5
NE-42300233,2
NE-42300234,3
NE-42300235,2
NE-42300236,2
NE-42300237,2
NE-42300238,2
NE-42300239,3
NE-42300240,2
NE-42300242,2
NE-42305002,1
NE-42400006,3
NE-42400010,7
NE-42400012,16
NE-42400021,1
NE-42400022,7
NE-42400025,1
NE-42400038,5
NE-42400046,14
NE-42400047,2
NE-42400052,16
NE-42400053,16
NE-42400066,16
NE-42400067,1
NE-42400073,4
NE-42400076,10
NE-42400078,13
NE-42400086,5
NE-42400095,11
NE-42400100,11
NE-42400104,12
NE-42400142,16
NE-42400148,16
NE-42400151,16
NE-42400157,9
NE-42400158,3
NE-42400159,3
NE-42400160,3
NE-42400181,1
NE-42400187,5
NE-42400189,2
NE-42400191,16
NE-42400194,16
NE-42400196,16
NE-42400197,16
NE-42400198,1
NE-42400199,1
NE-42400200,3
NE-42400201,3
NE-42400202,1
NE-42400203,3
NE-42400204,11
NE-42400205,4
NE-42400206,6
NE-42400207,2
NE-42400208,3
NE-42400209,5
NE-42400210,5
NE-42400211,5
NE-42400212,5
NE-42400213,5
NE-42400214,13
NE-42400215,1
NE-42400220,1
NE-42400221,2
NE-42400222,3
NE-42400223,2
NE-42400224,1
NE-42400226,2
NE-42400228,2
NE-42400229,4
NE-42400231,4
NE-42400232,3
NE-42400234,2
NE-42400235,1
NE-42400236,1
NE-42400237,1
NE-42500002,11
NE-42500010,14
NE-42500011,4
NE-42500012,4
NE-42500013,1
NE-42500030,16
NE-42500031,5
NE-42500032,9
NE-42500042,7
NE-42500043,2
NE-42500044,16
NE-42500045,7
NE-42500048,16
NE-42500052,1
NE-42500055,2
NE-42500058,16
NE-42500062,1
NE-42500068,10
NE-42500071,1
NE-42500078,16
NE-42500082,1
NE-42500083,6
NE-42500084,1
NE-42500087,4
NE-42500091,12
NE-42500093,12
NE-42500094,6
NE-42500099,8
NE-42500101,2
NE-42500128,2
NE-42500129,8
NE-42500130,13
NE-42500131,1
NE-42500132,8
NE-42500135,6
NE-42500136,14
NE-42500137,10
NE-42500138,14
NE-42500139,3
NE-42500140,12
NE-42500144,2
NE-42500145,3
NE-42500146,2
NE-42500147,1
NE-42500148,3
NE-42500150,1
NE-42500151,1
NE-42500152,1
NE-42500159,2
NE-42500160,1
NE-42500164,3
NE-42500165,1
NE-42500167,1
NE-42500171,14
NE-42500172,13
NE-42500179,16
NE-42500182,3
NE-42500183,3
NE-42500184,1
NE-42500185,2
NE-42500187,3
NE-42500188,6
NE-42500189,2
NE-42500190,10
NE-42500191,8
NE-42500201,14
NE-42500202,1
NE-42500204,11
NE-42500205,4
NE-42500206,5
NE-42500210,1
NE-42500211,1
NE-42500221,2
NE-42500223,1
NE-42500224,7
NE-42500225,7
NE-42500226,1
NE-42500227,5
NE-425F0149,1
NE-42600003,13
NE-42600005,13
NE-42600009,13
NE-42600011,9
NE-42600012,2
NE-42600013,11
NE-42600018,5
NE-42600023,9
NE-42600027,8
NE-42600031,3
NE-42600041,1
NE-42600043,4
NE-42600053,2
NE-42600057,4
NE-42600064,1
NE-42600077,7
NE-42600080,16
NE-42600102,6
NE-42600103,1
NE-42600104,1
NE-42600107,16
NE-42600109,2
NE-42600113,1
NE-42600115,1
NE-42600121,12
NE-42600126,16
NE-42600127,2
NE-42600129,7
NE-42600130,3
NE-42600133,16
NE-42600136,1
NE-42600143,1
NE-42600146,16
NE-42600148,1
NE-42600151,1
NE-42600152,1
NE-42600160,3
NE-42600200,3
NE-42600211,3
NE-42600220,8
NE-42600221,8
NE-42600224,10
NE-42600254,1
NE-42600255,11
NE-42600260,16
NE-42600261,16
NE-42600270,13
NE-42600271,8
NE-42600272,8
NE-42600281,1
NE-42600292,4
NE-42600293,12
NE-42600294,11
NE-42600300,7
NE-42600326,5
NE-42600345,4
NE-42600349,14
NE-42600370,10
NE-42600374,7
NE-42600375,1
NE-42600386,7
NE-42600395,3
NE-42600396,7
NE-42600397,15
NE-42600398,6
NE-42600399,8
NE-42600400,2
NE-42600401,1
NE-42600402,3
NE-42600403,1
NE-42600404,1
NE-42600405,3
NE-42600406,1
NE-42600407,3
NE-42600408,3
NE-42600409,9
NE-42600410,3
NE-42600411,5
NE-42600413,1
NE-42600480,1
NE-42600504,4
NE-42600507,2
NE-42600510,3
NE-42600511,2
NE-42600517,3
NE-42600518,2
NE-42600519,3
NE-42600535,3
NE-42600542,16
NE-42600543,3
NE-42600546,1
NE-42600550,16
NE-42600551,16
NE-42600552,16
NE-42600553,16
NE-42600554,16
NE-42600557,4
NE-42600583,1
NE-42600584,10
NE-42600588,2
NE-42600589,8
NE-42600600,6
NE-42600601,6
NE-42600602,10
NE-42600603,3
NE-42600604,9
NE-42600605,3
NE-42600606,9
NE-42600607,2
NE-42600608,2
NE-42600609,1
NE-42600610,8
NE-42600611,8
NE-42600613,1
NE-42600614,1
NE-42600619,6
NE-42600621,5
NE-42600622,5
NE-42600623,5
NE-42600624,7
NE-42600625,4
NE-42600626,4
NE-42600627,7
NE-42600628,3
NE-42600629,3
NE-42600630,2
NE-42600631,2
NE-42600632,4
NE-42600637,1
NE-42600638,1
NE-42600639,1
NE-42605016,1
NE-42605022,1
NE-43100002,16
NE-43100003,1
NE-43100007,5
NE-43100010,1
NE-43100013,1
NE-43100016,1
NE-43100019,1
NE-43100021,1
NE-43100022,16
NE-43100023,16
NE-43100029,1
NE-43100030,1
NE-43100031,6
NE-43100032,1
NE-43100033,16
NE-43100040,1
NE-43100043,6
NE-43100045,3
NE-43100046,16
NE-43100049,11
NE-43100054,16
NE-43100056,1
NE-43100066,3
NE-43100068,1
NE-43100069,16
NE-43100070,16
NE-43100071,16
NE-43100072,1
NE-43100074,13
NE-43100079,12
NE-43100080,12
NE-43100081,2
NE-43100082,1
NE-43100083,4
NE-43100086,6
NE-43100088,7
NE-43100090,3
NE-43100096,5
NE-43100097,12
NE-43100098,12
NE-43100099,15
NE-43100100,13
NE-43100101,14
NE-43100105,12
NE-43100106,11
NE-43100107,7
NE-43100109,11
NE-43100110,9
NE-43100118,12
NE-43100119,1
NE-43100121,12
NE-43100123,11
NE-43100124,3
NE-43100125,11
NE-43100126,14
NE-43100127,3
NE-43100132,11
NE-43100153,10
NE-43100155,16
NE-43100156,8
NE-43100157,12
NE-43100158,16
NE-43100160,16
NE-43100161,15
NE-43100162,16
NE-43100163,1
NE-43100164,16
NE-43100166,12
NE-43100167,16
NE-43100169,1
NE-43100170,1
NE-43100171,1
NE-43100172,11
NE-43100173,2
NE-43100174,1
NE-43100175,1
NE-43100176,2
NE-43100177,7
NE-43100178,3
NE-43100201,1
NE-43100202,1
NE-43100206,3
NE-43100207,3
NE-43100208,1
NE-43100209,12
NE-43100210,1
NE-43100213,1
NE-43100214,9
NE-43100215,5
NE-43100217,3
NE-43100218,8
NE-43100224,3
NE-43100225,3
NE-43100229,1
NE-43100231,3
NE-43100232,1
NE-43100234,1
NE-43100235,4
NE-43100236,1
NE-43100237,11
NE-43100238,7
NE-43100239,11
NE-43100240,2
NE-43100241,3
NE-43100242,4
NE-43100243,8
NE-43100245,1
NE-43100246,7
NE-43100247,2
NE-43100248,6
NE-43100249,4
NE-43100250,2
NE-43100251,3
NE-43100252,3
NE-431F0178,11
NE-43200001,1
NE-43200006,2
NE-43200007,10
NE-43200008,13
NE-43200017,2
NE-43200024,11
NE-43200026,8
NE-43200027,8
NE-43200030,2
NE-43200039,2
NE-43200040,16
NE-43200042,7
NE-43200043,13
NE-43200045,14
NE-43200046,16
NE-43200047,5
NE-43200049,6
NE-43200050,16
NE-43200054,10
NE-43200056,16
NE-43200057,1
NE-43200058,16
NE-43200059,1
NE-43200060,16
NE-43200062,1
NE-43200063,1
NE-43200064,1
NE-43200065,1
NE-43200066,16
NE-43200067,1
NE-43200069,4
NE-43200071,3
NE-43200072,16
NE-43200074,11
NE-43200075,16
NE-43200076,3
NE-43200077,3
NE-43200078,1
NE-43200079,1
NE-43200080,1
NE-43200081,3
NE-43200082,3
NE-43200083,1
NE-43200084,5
NE-43200087,1
NE-43200089,3
NE-43200090,16
NE-43200092,1
NE-43200093,2
NE-43200094,3
NE-43200095,1
NE-43200096,1
NE-43200097,2
NE-43200098,1
NE-43200102,16
NE-43200106,16
NE-43200108,1
NE-43200112,13
NE-43200123,13
NE-43200124,13
NE-43200125,6
NE-43200127,13
NE-43200129,1
NE-43200134,1
NE-43200137,10
NE-43200139,1
NE-43200145,13
NE-43200147,7
NE-43200166,2
NE-43200168,13
NE-43200170,13
NE-43200171,8
NE-43200173,1
NE-43200177,15
NE-43200184,14
NE-43200185,4
NE-43200189,16
NE-43200196,1
NE-43200197,1
NE-43200198,1
NE-43200204,15
NE-43200205,1
NE-43200206,12
NE-43200207,15
NE-43200208,9
NE-43200219,7
NE-43200220,7
NE-43200221,14
NE-43200222,11
NE-43200223,16
NE-43200225,15
NE-43200226,16
NE-43200227,3
NE-43200228,4
NE-43200229,3
NE-43200230,6
NE-43200231,13
NE-43200232,2
NE-43200254,2
NE-43200258,3
NE-43200262,2
NE-43200265,4
NE-43200266,1
NE-43200272,9
NE-43200273,5
NE-43200274,7
NE-43200275,3
NE-43200279,1
NE-43200280,8
NE-43200281,10
NE-43200282,3
NE-43200283,4
NE-43200286,4
NE-43200287,4
NE-43200288,10
NE-43200289,3
NE-43200294,16
NE-43200295,4
NE-43200296,14
NE-43200297,7
NE-43200298,5
NE-43200299,7
NE-43200300,1
NE-43200301,1
NE-43200302,8
NE-43200303,14
NE-43200304,1
NE-43200305,9
NE-43200306,2
NE-43200307,14
NE-43200308,3
NE-43200309,1
NE-43200310,1
NE-43200311,4
NE-43200312,7
NE-43200313,1
NE-43200314,1
NE-43200315,1
NE-43200316,2
NE-43200317,15
NE-43200318,9
NE-43200319,8
NE-43200320,1
NE-43200321,2
NE-43200322,4
NE-43200323,1
NE-43200324,1
NE-43200325,1
NE-43200326,12
NE-43200327,11
NE-43200328,1
NE-43200329,8
NE-43200330,12
NE-43200331,10
NE-43200332,3
NE-43200333,12
NE-43200334,6
NE-43200335,1
NE-43200336,4
NE-43200337,2
NE-43200338,2
NE-43200339,2
NE-43200340,2
NE-43200341,3
NE-43200346,1
NE-43200356,3
NE-43200357,8
NE-43200358,8
NE-43200359,3
NE-43200360,7
NE-43200361,3
NE-43200362,7
NE-43200364,7
NE-43200365,9
NE-43200366,11
NE-43200367,5
NE-43200368,6
NE-43200369,3
NE-43200370,3
NE-43200371,2
NE-43200372,2
NE-43200373,2
NE-43200374,3
NE-43200375,2
NE-43200376,2
NE-43200377,3
NE-43200378,2
NE-43200379,2
NE-43200380,2
NE-43200381,6
NE-43200382,5
NE-43200383,5
NE-43200384,6
NE-43200385,4
NE-43200386,6
NE-43200387,8
NE-43200388,2
NE-43200390,2
NE-43200391,1
NE-43200392,1
NE-43200393,1
NE-43200394,2
NE-43200395,3
NE-43200396,2
NE-43200397,2
NE-43200398,2
NE-43200399,1
NE-43200400,1
NE-43200401,1
NE-43200402,1
NE-43200403,2
NE-43200404,2
NE-43200405,2
NE-43200406,2
NE-43200407,2
NE-43200408,2
NE-43200409,2
NE-43200410,2
NE-43200411,2
NE-43200412,2
NE-43200413,2
NE-43200414,2
NE-43200415,1
NE-43200416,1
NE-43200417,1
NE-43200418,1
NE-43200419,1
NE-43200420,1
NE-43200421,1
NE-43200422,2
NE-43200423,1
NE-43200424,1
NE-43200425,1
NE-43200426,1
NE-43200427,1
NE-43200428,1
NE-43200429,1
NE-43200430,1
NE-43200431,1
NE-43200432,1
NE-43200433,1
NE-43200434,1
NE-43200435,1
NE-43200436,1
NE-43200437,1
NE-43200438,1
NE-43200439,1
NE-43205014,2
NE-43205017,1
NE-43300001,16
NE-43300005,16
NE-43300008,16
NE-43300009,16
NE-43300011,16
NE-43300013,9
NE-43300015,3
NE-43300016,4
NE-43300018,6
NE-43300019,1
NE-43300022,3
NE-43300023,6
NE-43300033,2
NE-43300036,2
NE-43300037,1
NE-43300040,3
NE-43300045,1
NE-43300048,1
NE-43300051,16
NE-43300054,1
NE-43300055,5
NE-43300056,2
NE-43300057,7
NE-43300069,14
NE-43300071,14
NE-43300073,16
NE-43300074,1
NE-43300076,4
NE-43300092,1
NE-43300105,12
NE-43300109,9
NE-43300113,6
NE-43300114,9
NE-43300117,1
NE-43300127,12
NE-43300129,11
NE-43300131,11
NE-43300132,5
NE-43300133,7
NE-43300134,6
NE-43300138,6
NE-43300157,11
NE-43300158,11
NE-43300159,15
NE-43300160,3
NE-43300161,1
NE-43300162,1
NE-43300163,1
NE-43300182,1
NE-43300184,1
NE-43300186,2
NE-43300189,2
NE-43300198,4
NE-43300202,1
NE-43300203,4
NE-43300204,1
NE-43300206,4
NE-43300207,1
NE-43300215,1
NE-43300216,1
NE-43300217,1
NE-43300218,12
NE-43300219,6
NE-43300220,3
NE-43300225,12
NE-43300227,16
NE-43300229,16
NE-43300230,9
NE-43300231,1
NE-43300234,11
NE-43300235,8
NE-43300236,4
NE-43300237,2
NE-43300238,3
NE-43300240,7
NE-43300241,1
NE-43300242,1
NE-43300253,1
NE-43300256,2
NE-43300257,1
NE-43300259,1
NE-43300260,1
NE-43300263,1
NE-43300264,1
NE-43300265,1
NE-43300266,1
NE-43300267,5
NE-433F0160,11
NE-43400004,5
NE-43400006,4
NE-43400009,5
NE-43400010,16
NE-43400012,7
NE-43400013,2
NE-43400016,16
NE-43400019,16
NE-43400020,1
NE-43400027,16
NE-43400028,3
NE-43400031,5
NE-43400032,1
NE-43400033,16
NE-43400034,1
NE-43400036,5
NE-43400037,1
NE-43400039,5
NE-43400041,14
NE-43400042,16
NE-43400049,1
NE-43400075,16
NE-43400080,16
NE-43400083,3
NE-43400096,2
NE-43400102,1
NE-43400107,1
NE-43400115,5
NE-43400130,11
NE-43400143,1
NE-43400144,1
NE-43400145,11
NE-43400152,14
NE-43400153,1
NE-43400155,14
NE-43400156,5
NE-43400158,12
NE-43400159,13
NE-43400160,2
NE-43400162,1
NE-43400165,9
NE-43400174,11
NE-43400181,16
NE-43400197,1
NE-43400198,2
NE-43400203,1
NE-43400206,16
NE-43400207,16
NE-43400208,3
NE-43400209,8
NE-43400210,13
NE-43400211,14
NE-43400212,10
NE-43400213,11
NE-43400214,4
NE-43400215,2
NE-43400216,6
NE-43400217,2
NE-43400220,4
NE-43400221,2
NE-43400222,1
NE-43400223,2
NE-43400224,2
NE-43400225,2
NE-43400226,10
NE-43400227,1
NE-43400228,3
NE-43400229,3
NE-43400230,2
NE-43400232,1
NE-43400234,1
NE-43400235,1
NE-43400239,2
NE-43400240,2
NE-43400243,2
NE-43400244,2
NE-43400245,3
NE-43400246,2
NE-43400247,2
NE-43400248,2
NE-43400434,2
NE-43500003,10
NE-43500011,11
NE-43500018,11
NE-43500028,1
NE-43500032,16
NE-43500038,3
NE-43500042,15
NE-43500043,2
NE-43500048,5
NE-43500051,16
NE-43500052,16
NE-43500070,5
NE-43500072,15
NE-43500073,1
NE-43500075,4
NE-43500076,1
NE-43500079,6
NE-43500080,1
NE-43500087,3
NE-43500120,1
NE-43500145,9
NE-43500152,11
NE-43500168,16
NE-43500187,4
NE-43500189,8
NE-43500196,8
NE-43500223,4
NE-43500231,4
NE-43500234,4
NE-43500236,9
NE-43500259,1
NE-43500262,11
NE-43500296,1
NE-43500297,16
NE-43500298,16
NE-43500299,16
NE-43500300,16
NE-43500301,12
NE-43500302,11
NE-43500303,12
NE-43500313,16
NE-43500314,16
NE-43500315,16
NE-43500316,16
NE-43500318,6
NE-43500321,7
NE-43500326,4
NE-43500329,13
NE-43500354,4
NE-43500409,6
NE-43500413,12
NE-43500428,13
NE-43500433,5
NE-43500437,9
NE-43500448,7
NE-43500451,7
NE-43500464,7
NE-43500481,4
NE-43500485,13
NE-43500496,4
NE-43500497,16
NE-43500498,5
NE-43500499,2
NE-43500500,1
NE-43500501,3
NE-43500502,1
NE-43500551,1
NE-43500553,8
NE-43500566,1
NE-43500567,2
NE-43500583,3
NE-43500585,2
NE-43500586,1
NE-43500588,3
NE-43500593,13
NE-43500602,3
NE-43500615,1
NE-43500619,11
NE-43500624,1
NE-43500632,2
NE-43500634,4
NE-43500635,3
NE-43500636,3
NE-43500637,3
NE-43500638,3
NE-43500644,1
NE-43500645,4
NE-43500646,4
NE-43500647,4
NE-43500648,4
NE-43500654,10
NE-43500655,16
NE-43500659,16
NE-43500660,16
NE-43500661,16
NE-43500662,16
NE-43500667,3
NE-43500670,5
NE-43500673,3
NE-43500674,3
NE-43500675,12
NE-43500676,11
NE-43500685,2
NE-43500689,16
NE-43500691,7
NE-43500692,16
NE-43500693,1
NE-43500694,1
NE-43500695,1
NE-43500696,1
NE-43500697,3
NE-43500698,3
NE-43500699,3
NE-43500700,15
NE-43500701,4
NE-43500702,5
NE-43500703,1
NE-43500704,1
NE-43500705,1
NE-43500707,9
NE-43500708,1
NE-43500709,2
NE-43500710,5
NE-43500711,2
NE-43500712,6
NE-43500713,13
NE-43500716,4
NE-43500717,5
NE-43500718,8
NE-43500719,1
NE-43500721,5
NE-43500723,1
NE-43500725,1
NE-43500728,1
NE-43500729,1
NE-43500736,1
NE-43500742,6
NE-43500743,1
NE-43500745,1
NE-43500746,1
NE-43500747,2
NE-43500748,3
NE-43500749,2
NE-43500750,2
NE-43500751,3
NE-43500752,3
NE-43500753,3
NE-43500754,3
NE-43500755,3
NE-43500756,3
NE-43500757,3
NE-43500758,3
NE-43500759,2
NE-43500761,1
NE-43500770,1
NE-43500773,1
NE-43500775,4
NE-43500776,3
NE-43500777,4
NE-43500778,7
NE-43500779,4
NE-43500780,1
NE-43500781,1
NE-43500782,1
NE-43500783,1
NE-43500784,1
NE-43500785,1
NE-43500786,1
NE-43500787,1
NE-43500788,3
NE-43500789,1
NE-43500790,1
NE-43500791,1
NE-43500792,1
NE-43500800,4
NE-43500801,4
NE-43500802,2
NE-43500803,2
NE-43500804,3
NE-43500805,1
NE-43500806,1
NE-43505101,1
NE-43505102,1
NE-43505103,1
NE-43505104,1
NE-44100002,3
NE-44100003,6
NE-44100005,2
NE-44100007,13
NE-44100009,3
NE-44100010,11
NE-44100013,5
NE-44100014,12
NE-44100016,13
NE-44100018,15
NE-44100023,4
NE-44100024,11
NE-44100027,8
NE-44100032,16
NE-44100038,1
NE-44100052,9
NE-44100059,1
NE-44100063,16
NE-44100067,1
NE-44100071,16
NE-44100072,16
NE-44100073,14
NE-44100089,2
NE-44100092,8
NE-44100093,1
NE-44100107,14
NE-44100110,7
NE-44100119,16
NE-44100124,3
NE-44100141,13
NE-44100142,14
NE-44100150,16
NE-44100157,16
NE-44100160,3
NE-44100163,16
NE-44100166,16
NE-44100168,1
NE-44100170,6
NE-44100171,16
NE-44100172,1
NE-44100198,16
NE-44100199,9
NE-44100200,7
NE-44100220,2
NE-44100221,12
NE-44100240,6
NE-44100241,12
NE-44100242,16
NE-44100243,11
NE-44100244,16
NE-44100245,13
NE-44100246,8
NE-44100247,13
NE-44100248,14
NE-44100253,15
NE-44100254,11
NE-44100257,16
NE-44100268,2
NE-44100272,10
NE-44100275,9
NE-44100293,1
NE-44100296,3
NE-44100297,1
NE-44100310,3
NE-44100311,2
NE-44100313,1
NE-44100314,1
NE-44100315,1
NE-44100320,1
NE-44100322,4
NE-44100325,1
NE-44100328,2
NE-44100329,2
NE-44100330,3
NE-44100335,10
NE-44100336,1
NE-44100337,1
NE-44100338,9
NE-44100339,3
NE-44100342,15
NE-44100343,13
NE-44100344,16
NE-44100346,3
NE-44100347,16
NE-44100348,8
NE-44100350,16
NE-44100352,16
NE-44100353,9
NE-44100356,1
NE-44100357,14
NE-44100358,5
NE-44100359,1
NE-44100360,11
NE-44100361,3
NE-44100362,3
NE-44100363,2
NE-44100364,6
NE-44100365,1
NE-44100366,1
NE-44100367,6
NE-44100368,1
NE-44100369,8
NE-44100370,6
NE-44100371,6
NE-44100372,1
NE-44100373,11
NE-44100374,8
NE-44100375,8
NE-44100376,11
NE-44100377,8
NE-44100378,4
NE-44100379,4
NE-44100380,4
NE-44100381,4
NE-44100382,4
NE-44100383,5
NE-44100384,2
NE-44100385,6
NE-44100386,6
NE-44100387,9
NE-44100388,2
NE-44100389,7
NE-44100390,9
NE-44100391,2
NE-44100392,5
NE-44100393,2
NE-44100394,5
NE-44100395,3
NE-44100396,3
NE-44100397,6
NE-44100398,1
NE-44100399,1
NE-44100400,1
NE-44100401,2
NE-44100402,3
NE-44100403,2
NE-44100404,2
NE-44100405,2
NE-44100406,2
NE-44100407,2
NE-44100408,4
NE-44100409,1
NE-44100410,5
NE-44100411,5
NE-44100412,1
NE-44100413,2
NE-44100415,4
NE-44100416,3
NE-44100417,3
NE-44100418,4
NE-44100419,5
NE-44100420,2
NE-44100421,3
NE-44100422,4
NE-44100423,6
NE-44100424,6
NE-44100425,1
NE-44100426,1
NE-44100427,5
NE-44100428,3
NE-44100429,1
NE-44100430,1
NE-44100431,1
NE-44100432,6
NE-44100433,4
NE-44100434,4
NE-44100435,4
NE-44100436,2
NE-44100437,1
NE-44100438,1
NE-44100439,1
NE-44100440,1
NE-44100441,1
NE-44100442,1
NE-44100443,1
NE-44100444,1
NE-44100445,1
NE-44100446,1
NE-44100447,1
NE-44100448,1
NE-44100449,1
NE-44100450,1
NE-44100451,1
NE-44200015,13
NE-44200024,16
NE-44200028,16
NE-44200030,2
NE-44200032,16
NE-44200038,16
NE-44200041,11
NE-44200042,8
NE-44200045,12
NE-44200075,2
NE-44200088,14
NE-44200090,11
NE-44200109,2
NE-44200110,1
NE-44200115,1
NE-44200116,7
NE-44200123,3
NE-44200141,12
NE-44200142,6
NE-44200143,7
NE-44200144,1
NE-44205007,1
NE-44300002,3
NE-44300004,15
NE-44300005,13
NE-44300006,12
NE-44300009,16
NE-44300013,16
NE-44300021,16
NE-44300025,16
NE-44300028,16
NE-44300029,3
NE-44300030,14
NE-44300031,11
NE-44300051,7
NE-44300056,16
NE-44300065,1
NE-44300075,13
NE-44300077,12
NE-44300078,14
NE-44300079,12
NE-44300086,11
NE-44300090,16
NE-44300093,9
NE-44300104,3
NE-44300113,12
NE-44300116,12
NE-44300126,14
NE-44300127,4
NE-44300130,2
NE-44300132,3
NE-44300136,1
NE-44300138,1
NE-44300195,3
NE-44300214,3
NE-44300222,2
NE-44300230,2
NE-44300231,7
NE-44300232,1
NE-44300233,12
NE-44300234,16
NE-44300235,16
NE-44300238,16
NE-44300239,16
NE-44300240,16
NE-44300241,2
NE-44300242,12
NE-44300243,16
NE-44300244,1
NE-44300245,9
NE-44300246,5
NE-44300247,10
NE-44300249,13
NE-44300251,8
NE-44300252,3
NE-443F0138,14
NE-443F0143,12
NE-44400001,3
NE-44400007,16
NE-44400008,11
NE-44400011,14
NE-44400014,1
NE-44400019,14
NE-44400022,3
NE-44400025,16
NE-44400026,2
NE-44400041,16
NE-44400045,16
NE-44400052,1
NE-44400058,3
NE-44400064,1
NE-44400067,16
NE-44400070,2
NE-44400073,16
NE-44400076,4
NE-44400077,4
NE-44400078,2
NE-44400081,16
NE-44400083,1
NE-44400085,1
NE-44400088,3
NE-44400102,1
NE-44400108,1
NE-44400116,10
NE-44400118,14
NE-44400134,16
NE-44400137,13
NE-44400139,6
NE-44400141,13
NE-44400142,11
NE-44400143,12
NE-44400153,8
NE-44400158,10
NE-44400159,12
NE-44400160,12
NE-44400163,12
NE-44400166,1
NE-44400168,11
NE-44400177,13
NE-44400179,2
NE-44400181,1
NE-44400182,1
NE-44400202,1
NE-44400203,2
NE-44400204,1
NE-44400205,1
NE-44400206,1
NE-44400207,1
NE-44400208,3
NE-44400212,16
NE-44400254,16
NE-44400256,2
NE-44400257,14
NE-44400258,16
NE-44400259,16
NE-44400260,16
NE-44400261,14
NE-44400262,1
NE-44400264,1
NE-44400266,2
NE-44400269,1
NE-44400272,5
NE-44400273,2
NE-44400275,3
NE-44500006,16
NE-44500007,16
NE-44500012,16
NE-44500019,16
NE-44500021,1
NE-44500025,5
NE-44500032,15
NE-44500033,16
NE-44500041,16
NE-44500064,13
NE-44500098,3
NE-44500104,13
NE-44500105,14
NE-44500122,16
NE-44500133,14
NE-44500138,16
NE-44500141,1
NE-44500148,4
NE-44500151,16
NE-44500152,4
NE-44500155,16
NE-44500158,3
NE-44500159,5
NE-44500160,16
NE-44500164,1
NE-44500165,16
NE-44500169,16
NE-44500178,1
NE-44500179,16
NE-44500184,4
NE-44500185,4
NE-44500186,16
NE-44500187,2
NE-44500188,2
NE-44500189,16
NE-44500193,16
NE-44500217,13
NE-44500228,15
NE-44500229,12
NE-44500230,5
NE-44500231,12
NE-44500234,14
NE-44500235,10
NE-44500237,12
NE-44500238,8
NE-44500261,16
NE-44500297,13
NE-44500298,11
NE-44500301,11
NE-44500302,9
NE-44500304,13
NE-44500357,6
NE-44500360,9
NE-44500370,2
NE-44500372,2
NE-44500383,9
NE-44500391,13
NE-44500393,16
NE-44500395,4
NE-44500396,1
NE-44500397,3
NE-44500398,2
NE-44500399,2
NE-44500400,2
NE-44500401,2
NE-44500402,1
NE-44500403,3
NE-44500404,3
NE-44500405,1
NE-44500406,1
NE-44500407,2
NE-44500458,3
NE-44500464,1
NE-44500471,5
NE-44500473,1
NE-44500481,12
NE-44500483,2
NE-44500485,3
NE-44500489,1
NE-44500490,1
NE-44500495,1
NE-44500496,1
NE-44500497,1
NE-44500498,1
NE-44500500,3
NE-44500504,2
NE-44500515,2
NE-44500525,1
NE-44500526,5
NE-44500527,16
NE-44500528,16
NE-44500529,16
NE-44500530,16
NE-44500531,16
NE-44500532,16
NE-44500533,16
NE-44500534,2
NE-44500539,4
NE-44500541,13
NE-44500542,11
NE-44500543,16
NE-44500554,2
NE-44500556,16
NE-44500557,3
NE-44500560,3
NE-44500566,16
NE-44500567,16
NE-44500645,3
NE-44500646,4
NE-44500648,1
NE-44500649,14
NE-44500650,10
NE-44500651,3
NE-44500652,3
NE-44500653,15
NE-44500656,9
NE-44500657,3
NE-44500658,2
NE-44500659,3
NE-44500660,3
NE-44500662,8
NE-44500663,3
NE-44500664,3
NE-44500665,3
NE-44500666,5
NE-44500667,3
NE-44500668,3
NE-44500669,3
NE-44500670,6
NE-44500671,1
NE-44500672,1
NE-44500673,1
NE-44500674,2
NE-44500683,1
NE-44500684,1
NE-44500685,5
NE-44500686,5
NE-44500689,6
NE-44500690,1
NE-44500691,1
NE-44500692,1
NE-44505026,2
NE-445C0001,9
NE-445C0002,7
NE-445F0395,13
NE-445F0397,4
NE-445F0398,12
NE-445F0402,12
NE-45050055,3
NE-45050056,3
NE-45050057,3
NE-45050058,3
NE-45050059,3
NE-45050060,3
NE-45050061,3
NE-45050062,3
NE-45050063,3
NE-45100002,3
NE-45100003,5
NE-45100005,15
NE-45100009,16
NE-45100012,16
NE-45100014,9
NE-45100015,16
NE-45100019,3
NE-45100024,8
NE-45100026,1
NE-45100031,16
NE-45100034,16
NE-45100035,2
NE-45100036,16
NE-45100039,9
NE-45100040,8
NE-45100047,5
NE-45100049,4
NE-45100050,4
NE-45100051,11
NE-45100054,15
NE-45100067,9
NE-45100074,14
NE-45100075,15
NE-45100076,7
NE-45100079,4
NE-45100080,16
NE-45100081,16
NE-45100082,12
NE-45100083,7
NE-45100087,15
NE-45100088,11
NE-45100099,12
NE-45100100,10
NE-45100101,6
NE-45100102,12
NE-45100103,3
NE-45100105,10
NE-45100109,16
NE-45100110,15
NE-45100111,15
NE-45100112,12
NE-45100113,9
NE-45100114,15
NE-45100115,3
NE-45100116,11
NE-45100117,4
NE-45100118,2
NE-45100119,2
NE-45100120,10
NE-45100121,8
NE-45100122,8
NE-45100123,10
NE-45100124,4
NE-45100125,10
NE-45100126,9
NE-45100127,10
NE-45100128,2
NE-45100129,10
NE-45100130,4
NE-45100131,2
NE-45100132,3
NE-45100133,3
NE-45100134,2
NE-45100135,2
NE-45100136,2
NE-45100137,5
NE-45100138,12
NE-45100139,2
NE-45100140,1
NE-45100148,6
NE-45100149,6
NE-45100150,6
NE-45100151,13
NE-45100152,5
NE-45100153,5
NE-45100154,8
NE-45100155,7
NE-45100156,7
NE-45100157,1
NE-45100158,6
NE-45100159,6
NE-45100160,6
NE-45100161,4
NE-45100162,1
NE-45100164,1
NE-45100165,1
NE-45100166,1
NE-45100181,1
NE-45100182,2
NE-45105002,2
NE-45200004,4
NE-45200010,16
NE-45200011,1
NE-45200022,16
NE-45200025,2
NE-45200028,16
NE-45200031,10
NE-45200033,6
NE-45200038,14
NE-45200045,16
NE-45200048,2
NE-45200051,1
NE-45200054,2
NE-45200058,16
NE-45200060,3
NE-45200062,16
NE-45200064,1
NE-45200068,16
NE-45200070,2
NE-45200074,14
NE-45200076,15
NE-45200077,1
NE-45200080,5
NE-45200085,2
NE-45200088,2
NE-45200091,2
NE-45200098,1
NE-45200102,2
NE-45200105,2
NE-45200108,2
NE-45200113,1
NE-45200114,16
NE-45200115,2
NE-45200118,16
NE-45200119,2
NE-45200121,2
NE-45200127,16
NE-45200136,13
NE-45200150,16
NE-45200152,16
NE-45200173,7
NE-45200179,1
NE-45200186,16
NE-45200187,10
NE-45200188,9
NE-45200189,15
NE-45200207,2
NE-45200208,16
NE-45200214,15
NE-45200215,9
NE-45200216,9
NE-45200217,16
NE-45200218,7
NE-45200219,7
NE-45200222,12
NE-45200223,16
NE-45200224,1
NE-45200225,15
NE-45200226,11
NE-45200227,9
NE-45200228,15
NE-45200229,4
NE-45200230,4
NE-45200232,3
NE-45200234,8
NE-45200235,3
NE-45200236,1
NE-45200237,5
NE-45200238,1
NE-45200240,1
NE-45200241,3
NE-45200242,2
NE-45200247,2
NE-45200249,6
NE-45200250,6
NE-45200251,5
NE-45200252,5
NE-45200254,2
NE-45200255,3
NE-45200256,2
NE-452A0001,4
NE-452F0204,13
NE-452F0205,9
NE-452F0206,12
NE-452F0207,4
NE-45300029,15
NE-45300032,10
NE-45300033,15
NE-45300037,2
NE-45300040,11
NE-45300043,14
NE-45300046,8
NE-45300047,8
NE-45300050,8
NE-45300055,12
NE-45300058,15
NE-45300060,10
NE-45300061,15
NE-45300081,16
NE-45300083,16
NE-45300087,16
NE-45300091,1
NE-45300094,16
NE-45300096,16
NE-45300102,16
NE-45300108,2
NE-45300111,2
NE-45300114,16
NE-45300116,1
NE-45300117,2
NE-45300118,14
NE-45300119,2
NE-45300120,16
NE-45300122,2
NE-45300124,2
NE-45300127,16
NE-45300139,4
NE-45300140,12
NE-45300150,4
NE-45300173,13
NE-45300174,12
NE-45300175,6
NE-45300177,2
NE-45300187,14
NE-45300189,16
NE-45300242,7
NE-45300243,3
NE-45300252,16
NE-45300253,16
NE-45300254,16
NE-45300258,2
NE-45300259,11
NE-45300260,16
NE-45300261,16
NE-45300263,16
NE-45300264,2
NE-45300265,14
NE-45300266,2
NE-45300267,11
NE-45300268,14
NE-45300269,7
NE-45300270,4
NE-45300271,5
NE-45300272,6
NE-45300273,6
NE-45300274,3
NE-45300275,3
NE-45300276,3
NE-45300277,1
NE-45300278,1
NE-45300282,3
NE-45300283,4
NE-45300284,2
NE-45300285,2
NE-45300286,4
NE-45300287,2
NE-45300288,2
NE-45300289,1
NE-45300290,1
NE-45300291,4
NE-45300292,2
NE-45300293,2
NE-45300294,2
NE-45300295,2
NE-45300296,2
NE-45300297,4
NE-45300298,2
NE-45300299,5
NE-45300300,2
NE-45300301,7
NE-45300302,2
NE-45300303,2
NE-45300304,3
NE-45300305,2
NE-45300306,5
NE-45300307,2
NE-45300308,3
NE-45300309,5
NE-45300310,2
NE-45300311,2
NE-45300312,2
NE-45300313,2
NE-45300314,2
NE-45300315,2
NE-45300316,2
NE-453C0001,6
NE-453C0002,8
NE-453C0003,1
NE-453F0231,14
NE-453F0232,14
NE-453F0233,13
NE-453F0234,12
NE-453F0235,12
NE-453F0236,14
NE-453F0238,12
NE-453F0239,12
NE-453F0240,10
NE-453F0243,12
NE-453F0244,2
NE-453F0247,14
NE-453F0250,11
NE-453F0252,12
NE-453F0253,13
NE-453F0255,1
NE-453F0256,12
NE-453F0257,5
NE-453F0261,2
NE-453F0274,12
NE-453F0277,13
NE-453F0280,14
NE-453F0283,12
NE-453F0285,13
NE-453F0288,15
NE-453F0289,10
NE-453F0291,11
NE-453F0292,13
NE-453F0293,10
NE-453F0294,13
NE-453F0295,11
NE-453F0296,11
NE-453H0001,6
NE-453H0002,1
NE-45400001,16
NE-45400004,11
NE-45400013,16
NE-45400018,14
NE-45400023,6
NE-45400031,2
NE-45400032,2
NE-45400034,16
NE-45400037,16
NE-45400038,2
NE-45400043,1
NE-45400051,2
NE-45400052,2
NE-45400054,2
NE-45400058,1
NE-45400063,2
NE-45400070,14
NE-45400075,2
NE-45400076,16
NE-45400077,16
NE-45400081,15
NE-45400090,4
NE-45400091,14
NE-45400092,16
NE-45400097,3
NE-45400100,2
NE-45400101,2
NE-45400105,16
NE-45400107,2
NE-45400109,16
NE-45400115,16
NE-45400118,5
NE-45400119,16
NE-45400121,2
NE-45400125,1
NE-45400144,1
NE-45400146,1
NE-45400152,16
NE-45400155,16
NE-45400160,1
NE-45400162,1
NE-45400166,12
NE-45400169,16
NE-45400177,16
NE-45400178,12
NE-45400181,16
NE-45400185,16
NE-45400190,12
NE-45400192,7
NE-45400193,16
NE-45400197,3
NE-45400199,1
NE-45400201,1
NE-45400212,1
NE-45400216,16
NE-45400223,1
NE-45400228,1
NE-45400234,3
NE-45400235,2
NE-45400243,3
NE-45400248,1
NE-45400249,3
NE-45400259,3
NE-45400260,16
NE-45400281,1
NE-45400284,2
NE-45400323,15
NE-45400328,2
NE-45400330,1
NE-45400331,1
NE-45400338,2
NE-45400344,2
NE-45400345,1
NE-45400347,1
NE-45400355,11
NE-45400365,3
NE-45400367,7
NE-45400396,13
NE-45400397,4
NE-45400401,2
NE-45400405,2
NE-45400409,2
NE-45400431,2
NE-45400453,1
NE-45400473,1
NE-45400474,15
NE-45400476,2
NE-45400486,11
NE-45400487,14
NE-45400488,16
NE-45400489,16
NE-45400490,16
NE-45400497,3
NE-45400502,15
NE-45400513,12
NE-45400514,14
NE-45400517,15
NE-45400518,3
NE-45400522,14
NE-45400523,16
NE-45400532,1
NE-45400534,14
NE-45400549,13
NE-45400550,13
NE-45400552,12
NE-45400553,8
NE-45400558,11
NE-45400562,4
NE-45400563,9
NE-45400566,13
NE-45400569,11
NE-45400584,3
NE-45400588,2
NE-45400688,5
NE-45400698,2
NE-45400730,2
NE-45400758,3
NE-45400759,4
NE-45400770,7
NE-45400814,4
NE-45400817,16
NE-45400822,4
NE-45400826,16
NE-45400831,4
NE-45400834,16
NE-45400840,13
NE-45400842,4
NE-45400845,16
NE-45400860,13
NE-45400892,4
NE-45400893,4
NE-45400909,2
NE-45400913,2
NE-45400914,4
NE-45400925,3
NE-45400926,5
NE-45400928,4
NE-45400943,2
NE-45400944,5
NE-45400951,4
NE-45400959,2
NE-45400960,5
NE-45400972,2
NE-45400973,4
NE-45400984,2
NE-45400985,4
NE-45400988,2
NE-45400994,5
NE-45401014,16
NE-45401018,3
NE-45401019,13
NE-45401021,14
NE-45401025,4
NE-45401029,4
NE-45401031,4
NE-45401034,16
NE-45401083,3
NE-45401084,1
NE-45401085,11
NE-45401086,1
NE-45401087,2
NE-45401089,1
NE-45401091,1
NE-45401092,1
NE-45401093,1
NE-45401094,2
NE-45401095,1
NE-45401096,1
NE-45401097,1
NE-45401099,1
NE-45401100,1
NE-45401101,1
NE-45401104,2
NE-45401105,1
NE-45401106,1
NE-45401107,2
NE-45401108,2
NE-45401115,1
NE-45401130,2
NE-45401131,9
NE-45401132,2
NE-45401133,2
NE-45401134,2
NE-45401135,3
NE-45401136,3
NE-45401137,2
NE-45401138,2
NE-45401139,5
NE-45401142,6
NE-45401143,2
NE-45401144,1
NE-45401145,8
NE-45401146,3
NE-45401147,1
NE-45401148,2
NE-45401149,1
NE-45401150,1
NE-45401151,1
NE-45401152,2
NE-45401153,2
NE-45401154,1
NE-45401155,2
NE-45401156,7
NE-45401157,1
NE-45401158,6
NE-45401159,3
NE-45401160,1
NE-45401161,1
NE-45401162,1
NE-45401163,1
NE-45401166,2
NE-45401167,2
NE-45401205,1
NE-45401208,13
NE-45401214,1
NE-45401235,2
NE-45401236,2
NE-45401239,1
NE-45401240,1
NE-45401241,4
NE-45401244,9
NE-45401253,1
NE-45401254,16
NE-45401260,2
NE-45401261,2
NE-45401273,1
NE-45401274,1
NE-45401288,1
NE-45401289,1
NE-45401293,3
NE-45401299,16
NE-45401300,16
NE-45401301,16
NE-45401314,3
NE-45401321,2
NE-45401324,1
NE-45401325,1
NE-45401327,1
NE-45401328,1
NE-45401329,1
NE-45401341,14
NE-45401346,2
NE-45401347,1
NE-45401348,16
NE-45401349,16
NE-45401350,2
NE-45401351,3
NE-45401355,12
NE-45401356,15
NE-45401357,12
NE-45401368,1
NE-45401369,16
NE-45401370,1
NE-45401371,16
NE-45401372,3
NE-45401376,3
NE-45401377,3
NE-45401379,16
NE-45401380,1
NE-45401382,16
NE-45401383,8
NE-45401385,3
NE-45401386,10
NE-45401387,16
NE-45401416,10
NE-45401417,10
NE-45401418,11
NE-45401419,15
NE-45401420,16
NE-45401421,7
NE-45401422,13
NE-45401423,4
NE-45401424,14
NE-45401425,10
NE-45401426,8
NE-45401433,1
NE-45401434,16
NE-45401442,2
NE-45401443,4
NE-45401444,2
NE-45401445,4
NE-45401446,7
NE-45401447,14
NE-45401448,3
NE-45401451,13
NE-45401452,8
NE-45401453,1
NE-45401454,7
NE-45401455,6
NE-45401458,1
NE-45401459,2
NE-45401460,1
NE-45401461,12
NE-45401462,3
NE-45401463,1
NE-45401464,1
NE-45401465,1
NE-45401466,1
NE-45401467,3
NE-45401468,1
NE-45401469,1
NE-45401470,1
NE-45401471,1
NE-45401472,1
NE-45401473,1
NE-45401474,1
NE-45401475,1
NE-45401476,1
NE-45401477,1
NE-45401478,3
NE-45401479,4
NE-45401480,2
NE-45401488,8
NE-45401490,6
NE-45401491,1
NE-45401492,1
NE-454C0001,4
NE-454F1106,1
NE-454F1111,10
NE-454F1113,11
NE-454F1114,1
NE-454F1115,13
NE-454F1121,11
NE-454F1127,1
NE-454F1132,14
NE-454F1133,2
NE-454F1167,3
NE-454F1174,1
NE-454F1176,2
NE-45500001,16
NE-45500005,1
NE-45500006,12
NE-45500009,11
NE-45500011,16
NE-45500012,16
NE-45500015,1
NE-45500041,16
NE-45500042,16
NE-45500050,13
NE-45500060,3
NE-45500061,3
NE-45500107,1
NE-45500109,16
NE-45500111,16
NE-45500112,16
NE-45500123,10
NE-45500124,13
NE-45500125,12
NE-45500126,16
NE-45500133,15
NE-45500141,1
NE-45500142,8
NE-45500143,13
NE-45500144,2
NE-45500146,1
NE-45500147,1
NE-45500148,4
NE-45500149,1
NE-45500150,1
NE-45500151,4
NE-45500152,1
NE-45500153,1
NE-45500155,2
NE-45500156,1
NE-45500157,1
NE-45500158,1
NE-45500159,4
NE-45500160,6
NE-45500161,4
NE-45500162,1
NE-45500163,1
NE-45500190,1
NE-45500192,3
NE-45500207,16
NE-45500208,16
NE-45500209,11
NE-45500210,3
NE-45500213,1
NE-45500214,1
NE-45500215,1
NE-45500216,1
NE-45500217,1
NE-45500218,1
NE-45500219,1
NE-45500220,1
NE-45500221,1
NE-45500223,16
NE-45500226,16
NE-45500231,4
NE-45500237,16
NE-45500238,16
NE-45500242,4
NE-45500250,4
NE-45500254,4
NE-45500260,3
NE-45500272,16
NE-45500273,14
NE-45500274,2
NE-45500276,16
NE-45500277,8
NE-45500278,8
NE-45500280,3
NE-45500282,1
NE-45500283,3
NE-45500284,2
NE-45500285,2
NE-45500286,2
NE-45500287,1
NE-45500288,3
NE-45500291,3
NE-45500292,4
NE-45500293,1
NE-45500297,7
NE-45500299,13
NE-45500300,1
NE-45500301,3
NE-45505019,1
NE-45505028,1
NE-45505029,1
NE-45505030,1
NE-455F0160,12
NE-455F0161,13
NE-455F0170,13
NE-455F0171,13
NE-455F0172,1
NE-455F0181,12
NE-45600002,2
NE-45600004,3
NE-45600005,11
NE-45600010,9
NE-45600011,13
NE-45600014,4
NE-45600023,12
NE-45600024,1
NE-45600025,3
NE-45600027,4
NE-45600038,5
NE-45600039,3
NE-45600041,9
NE-45600044,7
NE-45600045,4
NE-45600046,3
NE-45600050,16
NE-45600058,16
NE-45600059,16
NE-45600061,16
NE-45600062,16
NE-45600063,16
NE-45600064,16
NE-45600068,2
NE-45600071,16
NE-45600076,11
NE-45600078,3
NE-45600079,3
NE-45600080,3
NE-45600088,6
NE-45600091,15
NE-45600100,1
NE-45600111,14
NE-45600123,2
NE-45600144,3
NE-45600146,1
NE-45600149,3
NE-45600151,10
NE-45600154,3
NE-45600155,16
NE-45600162,4
NE-45600174,2
NE-45600175,16
NE-45600177,12
NE-45600178,9
NE-45600179,13
NE-45600180,1
NE-45600181,13
NE-45600182,1
NE-45600183,2
NE-45600184,1
NE-45600185,1
NE-45600186,1
NE-45600187,1
NE-45600188,2
NE-45600189,2
NE-45600190,2
NE-45600191,1
NE-45600192,1
NE-45600193,1
NE-45600194,1
NE-45600195,1
NE-45600196,1
NE-45600197,1
NE-45600199,1
NE-45600200,1
NE-45600201,1
NE-45600202,1
NE-45600203,1
NE-45600204,1
NE-45600205,1
NE-45600206,1
NE-45600207,1
NE-45600208,1
NE-45600209,1
NE-45600210,1
NE-45600211,2
NE-45600212,1
NE-45600213,1
NE-45600214,2
NE-45600215,1
NE-45600216,1
NE-45600217,1
NE-45600218,1
NE-45600219,3
NE-45600220,1
NE-45600221,1
NE-45600222,3
NE-45600223,1
NE-45600224,1
NE-45600225,1
NE-45600226,1
NE-45600227,2
NE-45600228,2
NE-45600229,3
NE-45600230,3
NE-45600231,3
NE-45600232,2
NE-45600233,3
NE-45600234,3
NE-45600235,3
NE-45600236,8
NE-45600237,3
NE-45600238,3
NE-45600239,3
NE-45600240,2
NE-45600241,3
NE-45600242,3
NE-45600243,1
NE-45600247,2
NE-45600248,2
NE-45600249,2
NE-45600250,2
NE-45600251,2
NE-45600252,1
NE-45600253,1
NE-45600254,1
NE-45600255,1
NE-45600256,1
NE-45600257,1
NE-45600258,2
NE-45600259,4
NE-45600260,1
NE-45600261,2
NE-45600262,1
NE-45600266,1
NE-45600267,1
NE-45600268,3
NE-45600269,3
NE-45600270,3
NE-45600271,3
NE-45600272,3
NE-45600273,5
NE-45600301,1
NE-45600302,5
NE-49000031,16
NE-49000043,3
NE-49000126,16
NE-49000370,16
NE-LSN0064,1
NE-LSN0084,1
NE-LSN0352,1
NE-LSN0480,1
NE-RSN0047,1
NE-RSN0059,2
NE-RSN0063,2
NE-RSN0068,2
NE-RSN0079,2
NE-RSN0123,2
NE-RSN0144,3
NE-RSN0175,3
NE-RSN0191,3
NE-RSN0223,2
NE-RSN0251,2
NE-RSN0255,2
NE-RSN0260,2
NE-RSN0271,2
NE-RSN0303,1
NE-RSN0335,1
NE-RSN0427,1
NE-RSN0428,1
NE-RSN0431,1
NE-RSN0447,1
NE-RSN0464,1
NE-RSN0507,1
NE-RSN0511,1
NE-RSN0516,1
NE-RSN0571,1
NE-RSN0575,1
NE-RSN0591,1
NE-RSN0623,1
NE-RSN0635,1
NE-RSN0683,1
NE-RSN0687,1
NE-RSN0699,1
NE-RSN0735,1
NE-RSN0767,1
NE-RSN0772,1
NE-RSN0780,1
NE-RSN0783,1
NE-RSN0815,1
NE-RSN0879,1
NE-RSN0888,1
NE-RSN0943,1
NE-RSN0955,1
NE-RSN0959,1
NE-RSN0975,1
NE-RSN0976,1
NE-RSN0991,1
NE-RSN1003,1
NE-RSN1059,1
NE-RSN1071,1
NE-RSN1095,1
NE-RSN1167,1
NE-RSN1175,1
NE-RSN1183,1
NE-RSN1188,1
NE-RSN1192,1
NE-RSN1199,1
NE-RSN1219,1
NE-RSN1223,1
NE-RSN1228,1
NE-RSN1255,1
NE-RSN1503,4
NE-RSN1508,4
NE-RSN1512,3
NE-RSN1535,4
NE-RSN1591,1
NE-RSN1623,2
NE-RSN1631,2
NE-RSN1655,1
NE-RSN1667,1
NE-RSN1676,1
NE-RSN1688,1
NE-RSN1703,1
NE-RSN1711,1
NE-RSN1716,1
NE-RSN1751,1
NE-RSN1783,2
NE-RSN1791,4
NE-RSN1799,3
NE-RSN1800,4
NE-RSN1815,4
NE-RSN1839,2
NE-RSN1979,1
NE-RSN1996,1
NE-RSN2023,2
NE-RSN2031,2
NE-RSN2079,1
NE-RSN2103,1
NE-RSN2115,1
NE-RSN2119,1
NE-RSN2128,1
NE-RSN2147,1
NE-RSN2151,1
NE-RSN2168,1
NE-RSN2216,1
NE-RSN2236,1
NE-RSN2239,1
NE-RSN2255,1
NE-RSN2263,1
NE-RSN2275,1
NE-RSN2311,1
NE-RSN2359,1
NE-RTN0053,1
NE-RTN0054,1
NE-RTN0055,1
NE-RTN0056,1
NE-SSN0013,2
NE-SSN0045,1
NE-SSN0121,1
NE-SSN0125,1
NE-SSN0162,1
NE-SSN0178,1
NE-SSN0185,1
NE-SSN0189,1
NE-SSN0413,1
NE-SSN0418,1
NE-SSN0482,1
NE-SSN0669,1
NE-SSN0717,1
NE-SSN1314,1
NE-SSN1325,1
NE-SSN1341,1
NE-SSN1357,1
NE-SSN1378,1
NE-SSN1405,1
NE-SSN1437,1
NE-SSN1442,1
NE-SSN1465,1
NE-SSN1485,1
NE-SSN1501,1
NE-SSN1506,1
